source_id,name,source_type,authority_tier,official,temporal,url,scope,notes
SRC-001,Официальные базовые правила ККИ «Берсерк»,official_site_rules,1,Да,Нет,https://berserk.ru/pravila-igri,"Базовые правила, подготовка, поле, движение, атаки, дальность, победа",Основной стабильный источник для вопросов по базовым правилам.
SRC-002,Официальный глоссарий ККИ «Берсерк»,official_site_glossary,1,Да,Нет,https://berserk.ru/glossary,Определения игровых терминов и механик,Основной источник для механик и терминологии.
SRC-003,Официальная турнирная страница ККИ «Берсерк»,official_site_tournament,1,Да,Частично,https://berserk.ru/company/tournament,"Констрактед, лимитед, Стандарт, релизные турниры, ОТЦ",Для динамических сведений всегда учитывать дату снимка.
SRC-004,Официальный сайт ККИ «Берсерк»,official_site,1,Да,Частично,https://berserk.ru/,"Новости, база карт, ссылки на официальные ресурсы",Правообладатель/разработчик на сайте указан как «Мир Хобби».
SRC-005,Официальная группа ККИ «Берсерк» во ВКонтакте,official_social_vk,1,Да,Да,https://vk.com/berserk_tcg,"Полные правила, официальные объявления, материалы и документы",Ссылка на группу дана с официального сайта. Использовать как приоритетный канал для актуальных документов.
SRC-006,Официальный Telegram издательства Hobby World,official_social_telegram,2,Да,Да,https://t.me/hobbyworld_news,"Новости издательства и релизы, включая ККИ «Берсерк»",Вспомогательный источник; не использовать вместо правил для спорных игровых трактовок.
SRC-007,Официальный Telegram сети Hobby Games,official_social_telegram,2,Да,Да,https://t.me/hobby_games,"Новости, релизы, мероприятия, публикации о «Берсерке»",Вспомогательный источник; полезен для актуальных анонсов и событий.
CARD-001,Официальная карточка: Дхайа,official_card_database,1,Да,Частично,https://berserk.ru/?card_id=98852&route=card%2Fcard,"Характеристики, текст карты и FAQ; выпуск «Нашествие тьмы»",Карточечный FAQ/эррата считается приоритетным для вопросов по конкретной карте.
CARD-002,Официальная карточка: Лёгкая кавалерия,official_card_database,1,Да,Частично,https://berserk.ru/?card_id=100509&route=card%2Fcard,"Характеристики, текст карты и FAQ; выпуск «Призрачный легион»",Карточечный FAQ/эррата считается приоритетным для вопросов по конкретной карте.
CARD-003,Официальная карточка: Древний огр,official_card_database,1,Да,Частично,https://berserk.ru/?card_id=98399&route=card%2Fcard,"Характеристики, текст карты и FAQ; выпуск «Война стихий»",Карточечный FAQ/эррата считается приоритетным для вопросов по конкретной карте.
CARD-004,Официальная карточка: Викарий,official_card_database,1,Да,Частично,https://berserk.ru/?card_id=101085&route=card%2Fcard,"Характеристики, текст карты и FAQ; выпуск «Гибель богов»",Карточечный FAQ/эррата считается приоритетным для вопросов по конкретной карте.
CARD-005,Официальная карточка: Жрец штормов,official_card_database,1,Да,Частично,https://berserk.ru/?card_id=98847&route=card%2Fcard,"Характеристики, текст карты и FAQ; выпуск «Нашествие тьмы»",Карточечный FAQ/эррата считается приоритетным для вопросов по конкретной карте.
CARD-006,Официальная карточка: Землекоп,official_card_database,1,Да,Частично,https://berserk.ru/?card_id=98815&route=card%2Fcard,"Характеристики, текст карты и FAQ; выпуск «Нашествие тьмы»",Карточечный FAQ/эррата считается приоритетным для вопросов по конкретной карте.
CARD-007,Официальная карточка: Древляна,official_card_database,1,Да,Частично,https://berserk.ru/?card_id=100980&route=card%2Fcard,"Характеристики, текст карты и FAQ; выпуск «Гибель богов»",Карточечный FAQ/эррата считается приоритетным для вопросов по конкретной карте.
CARD-008,Официальная карточка: Азенаэль,official_card_database,1,Да,Частично,https://berserk.ru/?card_id=101091&route=card%2Fcard,"Характеристики, текст карты и FAQ; выпуск «Гибель богов»",Карточечный FAQ/эррата считается приоритетным для вопросов по конкретной карте.
CARD-009,Официальная карточка: Мастер разума,official_card_database,1,Да,Частично,https://berserk.ru/?card_id=98846&route=card%2Fcard,"Характеристики, текст карты и FAQ; выпуск «Нашествие тьмы»",Карточечный FAQ/эррата считается приоритетным для вопросов по конкретной карте.
CARD-010,Официальная карточка: Кицунэ,official_card_database,1,Да,Частично,https://berserk.ru/?card_id=100969&route=card%2Fcard,"Характеристики, текст карты и FAQ; выпуск «Гибель богов»",Карточечный FAQ/эррата считается приоритетным для вопросов по конкретной карте.
